height,weight
115.9,15.622049093947624
125.63,24.918487229192507
130.3,29.380395357824952
140.8,39.41252284190216
145.34,43.75022367787457
160.14,57.89074622685959
165.7,63.20299658985667
169.23,66.57570230593214
171.11,68.37193084593838
173.23,70.39746515700918
180.4,77.24797506756477
